{"cameraMode":{"drawMode":0,"name":"Shaded","section":"Shading Mode"},"sceneLighting":true,"audioPlay":false,"sceneViewState":{"showFog":true,"showMaterialUpdate":false,"showSkybox":true,"showFlares":true,"showImageEffects":true,"showParticleSystems":true},"in2DMode":false,"pivot":{"x":-0.564208984375,"y":-0.68341064453125,"z":0.939453125},"rotation":{"x":0.0059991576708853249,"y":-0.016499314457178117,"z":0.00009909168147714809,"w":0.9998474717140198},"size":5.633428573608398,"orthographic":true}